title,average_positive_score,average_negative_score
Petula Clark - At the Turn of the Year,0.0,1.0
No. 17,3.3813712e-29,1.0
Between Fences,1.2447127e-08,1.0
C-Man,0.0,1.0
"Texas, Brooklyn and Heaven",2.6777229e-14,1.0
Lady Day At Emerson's Bar & Grill,1.7304113e-22,1.0
The Fire This Time,4.6786314e-10,1.0
My Girlfriend's Back,2.1495768e-36,1.0
Kids-R,2.3699478e-10,1.0
Battle of the Amazons,3.0018035e-10,1.0
Anonymous Venetian,0.0,1.0
Apache Woman,8.304815e-32,1.0
Here Come the Tigers,1.097036e-25,1.0
Raggedy Rose,1.884104e-32,1.0
Nargess,7.6702244e-30,1.0
The Black Rose,0.0,1.0
Night of Fear,0.0,1.0
To Be the Best,4.5224348e-26,1.0
The Place in Between,2.7949585e-14,1.0
Death by a Thousand Cuts,7.432378e-19,1.0
