anime_name,japanese_title,count
Steins Gate,Steins;Gate,19606
Attack on Titan,Shingeki no Kyojin,16722
One Piece,Wan P_su,10936
Violet Evergarden,Vaioretto Ev_g_den,8780
Made in Abyss,Meido in Abisu,8558
Monster,Monsut_,8543
Clannad,Kuranado,7461
Zero,Zero,6724
Death Note,Desu N_to,6559
Code Geass,Code Geass,6169
Cowboy Bebop,Cowboy Bebop,5758
Horimiya,Horimiya,5710
Gintama,Gintama,5654
Berserk,Berserk,5485
Dororo,Dororo,5053
Vinland Saga,Vinland Saga,5043
Overlord,Overlord,4887
Naruto,Naruto,4778
Death Parade,Death Parade,4663
Mob Psycho,Mob Psycho,4621
Hunter x Hunter,Hunter _ Hunte,4505
Fruits Basket,Fur_tsu Basuketto,4500
Toradora,Toradora!,4356
Brotherhood,Hagane no Renkinjutsushi: Brotherhood,4338
Fullmetal Alchemist,Hagane no Renkinjutsushi,4324
Kaguya-sama: Love Is War,Kaguya-sama wa Kokurasetai: Tensai-tachi no Renai Zun_sen,4114
Another,Anaz_,3886
Mushishi,Mushi-shi,3799
Parasyte,Kiseij_: Sei no Kakuritsu,3754
Erased,Boku dake ga Inai Machi,3694
Akudama Drive,Akudama Doraibu,3595
Hyouka,Hyouka,3587
Dorohedoro,Dorohedoro,3571
Mahou Shoujo,Mahou Shoujo,3527
Black Lagoon,Black Lagoon,3428
Samurai Champloo,Samurai Chanpur_,3367
Jujutsu Kaisen,Jujutsu Kaisen,3301
Neon Genesis Evangelion,Shin Seiki Evangerion,3275
One Punch Man,Wanpanman,3184
Your Lie in April,Shigatsu wa Kimi no Uso,3152
Silent Voice,Koe no Katachi,3106
Odd Taxi,Oddo Takush_,3101
Nichijou,Nichijou,3080
Bleach,Bur_chi,3044
Gurren Lagann,Tengen Toppa Gurren Lagann,3044
Definitely,Kakujitsu ni,2987
Konosuba,Kono Subarashii Sekai ni Shukufuku wo!,2929
Akame,Akame ga Kiru!,2923
Love,Love,2920
Tokyo Ghoul,T_ky_ G_ru,2902
Ergo Proxy,Erugo Purakush_,2858
Trigun,Toraigan,2835
Charlotte,Sh_rotto,2818
Vivy,Vivy,2813
Black Clover,Burakku Kur_b_,2783
Talentless Nana,Mun_ na Nana,2732
Shiki,Shiki,2729
Barakamon,Barakamon,2696
From the New World,Shinsekai Yori,2676
Kaiji,Tobaku Mokushiroku Kaiji,2673
Try,Torai,2645
Madoka Magica,Mah_ Sh_jo Madoka Magika,2641
Perfect Blue,P_fekuto Bur_,2622
Psycho,Psycho,2620
Good,Good,2613
Haikyuu,Haikyuu,2610
A Place Further Than the Universe,Sora yori mo Tooi Basho,2609
Death,Death,2596
Land of the Lustrous,H_seki no Kuni,2563
Dr,Dr,2528
ERASED,Boku dake ga Inai Machi,2460
Watch,Uotchi,2449
Demon Slayer,Kimetsu no Yaiba,2405
Grand Blue,Gurando Bur_,2405
Puella Magi Madoka Magica,Mah_ Sh_jo Madoka Magika,2400
Akira,Akira,2361
Angel Beats,Enjeru Bitsu,2346
Baccano,Baccano!,2338
Golden Time,Goruden Taimu,2337
Serial Experiments Lain,S_riaru Ekusuperimentsu Rein,2334
Oregairu,Yahari Ore no Seishun Love Comedy wa Machigatteiru,2327
Galactic Heroes,Ginga Eiy_ Densetsu,2308
March comes in like a lion,3-gatsu no Lion,2290
Sword Art Online,S_do _to Onrain,2283
Claymore,Kureim_a,2276
Promised Neverland,Yakusoku no Neverland,2254
Evangelion,Shin Seiki Evangerion,2250
Lion,Kimba the White Lion,2248
Mononoke,Mononoke,2219
Wotakoi,Wotaku ni Koi wa Muzukashii,2205
100,Hundred,2190
Assassination Classroom,Ansatsu Ky_shitsu,2146
Terror in Resonance,Zankyou no Terror,2130
Bot,Bot,2106
Black,Black Bullet,2101
Jojo,JoJo's Bizarre Adventure,2092
Asobi Asobase,Asobi Asobase,2091
Noragami,Noragami,2077
Orange,Orange,2070
Elfen Lied,Erufen R_do,2055