anime_name,japanese_title,count,matched_score
Steins Gate,Steins;Gate,19606,9.11
Attack on Titan,Shingeki no Kyojin,16722,8.47
One Piece,Wan Pisu,10936,8.53
Violet Evergarden,Vaioretto Evagaden,8780,8.62
Made in Abyss,Meido in Abisu,8558,8.83
Monster,Monsuta,8543,8.69
Clannad,Kuranado,7461,8.16
Zero,Zero,6724,5.98
Death Note,Desu Noto,6559,8.65
Code Geass,Code Geass,6169,7.49
Cowboy Bebop,Cowboy Bebop,5758,8.81
Horimiya,Horimiya,5710,5.3
Gintama,Gintama,5654,8.97
Berserk,Berserk,5485,6.6
Dororo,Dororo,5053,8.23
Vinland Saga,Vinland Saga,5043,8.78
Overlord,Overlord,4887,8.05
Naruto,Naruto,4778,7.93
Death Parade,Death Parade,4663,8.22
Mob Psycho,Mob Psycho,4621,8.51