"0","library(magick)"
"0","library(tidyverse)"
"0","library(ggtext)"
"0",""
"0","# download svgs, convert to png and save"
"0","urls <- paste0("
"0","    ""../img/"","
"0","  c(""movie1"", ""movie2"",""movie3"",""movie4"",""movie5"",""movie6"",""movie7"",""movie8"",""movie9"",""movie10""),"
"0","  "".jpeg"""
"0",")"
"0",""
"0","fn <- fs::path_file(urls)"
"0",""
"0","data <- tibble("
"0","  suggested = c(2733, 2578, 2557, 2489, 2478, 2468,2446,2375,2338,2337),"
"0","  Movie = c(""A"", ""B"", ""C"", ""D"", ""E"", ""F"",""r"",""y"",""u"",""j""),"
"0","  bars = c(""#ff4301"", ""#ff4301"", ""#ff4301"", ""#ff4301"", ""#ff4301"", ""#ff4301"", ""#ff4301"", ""#ff4301"", ""#ff4301"", ""#ff4301""),"
"0","  label = gsub(""\\.svg"", "".jpeg"", fs::path_file(fn)),"
"0","  )"
"0",""
"0","data$label <- paste0(""<img src='"", data$label, ""' width = '20'/>"")"
"0","ggplot(data, aes(reorder(Movie, suggested), suggested, fill=bars)) +"
"0","  ylab(""Ratio of points from home games"") +"
"0","  ylim(0,2800) +"
"0","  ylab(""Difference"") +"
"0","  xlab(""Team"") +"
"0","  geom_col(position = ""dodge2"") +"
"0","  ggtext::geom_richtext(aes(label = label),"
"0","    label.colour = NA, fill = NA, label.padding = unit(c(1, 1, 1, 1), ""lines"")"
"0","  ) +"
"0","  guides(fill = ""none"") +"
"0","  theme_minimal() +"
"0","  theme("
"0","    plot.title = element_blank(),"
"0","    axis.title.x = element_blank(),"
"0","    text = element_text(size = 15)"
"0","  )"
