"0","library(grid)"
"0","g.mid<-ggplot(coffee_demand_df,aes(x=1,y=Title))+geom_text(aes(label=Title))+"
"0","  geom_segment(aes(x=0.94,xend=0.96,yend=Title))+"
"0","  geom_segment(aes(x=1.04,xend=1.065,yend=Title))+"
"0","  ggtitle("""")+"
"0","  ylab(NULL)+"
"0","  scale_x_continuous(expand=c(0,0),limits=c(0.94,1.065))+"
"0","  theme(axis.title=element_blank(),"
"0","        panel.grid=element_blank(),"
"0","        axis.text.y=element_blank(),"
"0","        axis.ticks.y=element_blank(),"
"0","        panel.background=element_blank(),"
"0","        axis.text.x=element_text(color=NA),"
"0","        axis.ticks.x=element_line(color=NA),"
"0","        plot.margin = unit(c(1,-1,1,-1), ""mm""))"
"0","g.mid"
