"0","dotdf <- read.csv(""../../data/csv/anime_r_dot.csv"")"
"0","movie_names <- c("
"0","  'Gintama',"
"0","  'Koe no Katachi',"
"0","  '3gatsu no Lion 2nd Season',"
"0","  'Ginga Eiyuu Densetsu',"
"0","  'Shingeki no Kyojin Season 3 Part 2',"
"0","  'Quiz de Manabu Pinocchio no Koutsuu Ansen',"
"0","  'Kimi no Na wa',"
"0","  'Hunter x Hunter 2011',"
"0","  'SteinsGate',"
"0","  'Fullmetal Alchemist Brotherhood'"
"0",")"
"0","dotdf_filter<-dotdf[dotdf$title %in% movie_names, ]"
"0","dotdf_filter"
